                  epoch,         train/box_loss,         train/cls_loss,         train/dfl_loss,   metrics/precision(B),      metrics/recall(B),       metrics/mAP50(B),    metrics/mAP50-95(B),           val/box_loss,           val/cls_loss,           val/dfl_loss,                 lr/pg0,                 lr/pg1,                 lr/pg2
                      0,                 2.6653,                 4.2007,                 2.7508,                0.26135,                0.09466,                0.05392,                0.02885,                 1.9033,                 3.0127,                 2.0736,               0.070004,              0.0033329,              0.0033329
                      1,                 1.7171,                 2.9299,                 1.8831,                0.30619,                0.21454,                0.17512,                0.10765,                 1.5358,                 2.2838,                   1.72,               0.039982,              0.0066442,              0.0066442
                      2,                 1.5466,                 2.4968,                 1.7167,                0.40271,                0.28184,                0.26031,                0.16792,                 1.3811,                 1.9526,                 1.5744,              0.0099381,              0.0099336,              0.0099336
                      3,                 1.4466,                 2.2442,                 1.6242,                0.44765,                0.32666,                 0.3204,                0.21237,                 1.2963,                 1.7512,                  1.495,               0.009901,               0.009901,               0.009901
                      4,                 1.3677,                 2.0366,                 1.5558,                 0.4941,                0.35381,                  0.363,                0.24446,                 1.2436,                 1.6296,                 1.4452,               0.009901,               0.009901,               0.009901
                      5,                 1.3199,                 1.9172,                 1.5112,                0.52351,                0.36635,                 0.3859,                0.26256,                 1.2108,                 1.5613,                 1.4135,               0.009868,               0.009868,               0.009868
                      6,                 1.2886,                 1.8353,                 1.4788,                0.54081,                0.37532,                0.40239,                0.27606,                 1.1898,                 1.5162,                 1.3936,               0.009835,               0.009835,               0.009835
                      7,                 1.2645,                 1.7778,                 1.4573,                 0.5229,                0.39773,                0.41388,                0.28506,                 1.1752,                 1.4839,                 1.3791,               0.009802,               0.009802,               0.009802
                      8,                 1.2456,                 1.7208,                 1.4373,                0.52308,                0.40529,                0.42308,                0.29252,                 1.1633,                 1.4586,                 1.3677,               0.009769,               0.009769,               0.009769
                      9,                 1.2336,                 1.6888,                 1.4232,                0.54645,                0.40674,                0.43174,                 0.2995,                 1.1535,                 1.4358,                 1.3583,               0.009736,               0.009736,               0.009736
                     10,                 1.2185,                 1.6552,                 1.4098,                 0.5403,                0.41903,                0.43992,                0.30614,                 1.1443,                 1.4153,                 1.3487,               0.009703,               0.009703,               0.009703
                     11,                 1.2108,                 1.6281,                 1.4009,                0.55556,                 0.4215,                0.44708,                0.31201,                 1.1356,                 1.3951,                 1.3395,                0.00967,                0.00967,                0.00967
                     12,                 1.2011,                  1.603,                 1.3921,                0.56189,                0.42675,                0.45478,                0.31804,                 1.1274,                 1.3758,                  1.331,               0.009637,               0.009637,               0.009637
                     13,                 1.1937,                 1.5836,                 1.3831,                0.57321,                0.43113,                0.46242,                0.32384,                 1.1187,                 1.3564,                 1.3226,               0.009604,               0.009604,               0.009604
                     14,                 1.1868,                 1.5757,                 1.3761,                0.57794,                0.43477,                0.46926,                 0.3297,                 1.1105,                 1.3372,                 1.3141,               0.009571,               0.009571,               0.009571
                     15,                 1.1792,                 1.5505,                 1.3675,                0.58261,                0.44114,                0.47618,                0.33543,                 1.1035,                 1.3191,                 1.3068,               0.009538,               0.009538,               0.009538
                     16,                 1.1788,                 1.5402,                 1.3643,                0.59252,                0.44556,                 0.4828,                 0.3408,                 1.0967,                 1.3019,                 1.2993,               0.009505,               0.009505,               0.009505
                     17,                 1.1699,                 1.5306,                 1.3569,                0.60406,                0.44708,                0.48884,                0.34618,                   1.09,                 1.2849,                 1.2917,               0.009472,               0.009472,               0.009472
                     18,                 1.1705,                 1.5196,                 1.3533,                0.60624,                0.45395,                 0.4954,                0.35133,                 1.0831,                 1.2686,                 1.2842,               0.009439,               0.009439,               0.009439
                     19,                 1.1636,                 1.5053,                 1.3477,                0.60333,                0.46283,                0.50188,                0.35659,                 1.0775,                 1.2546,                 1.2772,               0.009406,               0.009406,               0.009406
                     20,                 1.1633,                 1.5032,                 1.3456,                0.59906,                 0.4718,                0.50676,                0.36106,                 1.0722,                 1.2407,                 1.2704,               0.009373,               0.009373,               0.009373
                     21,                 1.1546,                 1.4894,                 1.3395,                0.60623,                0.47373,                0.51152,                0.36455,                 1.0675,                 1.2285,                 1.2647,                0.00934,                0.00934,                0.00934
                     22,                 1.1564,                  1.483,                 1.3366,                0.61644,                 0.4752,                0.51583,                 0.3681,                 1.0624,                 1.2159,                 1.2586,               0.009307,               0.009307,               0.009307
                     23,                 1.1485,                 1.4716,                 1.3297,                0.62043,                 0.4782,                0.52004,                0.37169,                  1.058,                 1.2042,                 1.2532,               0.009274,               0.009274,               0.009274
                     24,                 1.1471,                 1.4656,                 1.3287,                0.61782,                0.48472,                0.52366,                0.37492,                  1.054,                 1.1942,                 1.2484,               0.009241,               0.009241,               0.009241
                     25,                 1.1447,                  1.453,                 1.3234,                0.61883,                0.48761,                0.52739,                0.37832,                   1.05,                 1.1841,                 1.2435,               0.009208,               0.009208,               0.009208
                     26,                  1.143,                 1.4528,                 1.3223,                0.61936,                0.49254,                 0.5307,                0.38119,                 1.0474,                  1.175,                 1.2397,               0.009175,               0.009175,               0.009175
                     27,                 1.1424,                 1.4471,                  1.321,                0.62099,                 0.4962,                0.53426,                0.38398,                 1.0442,                 1.1676,                 1.2357,               0.009142,               0.009142,               0.009142
                     28,                 1.1389,                 1.4439,                 1.3189,                0.62722,                0.49585,                0.53759,                0.38656,                 1.0407,                 1.1602,                 1.2321,               0.009109,               0.009109,               0.009109
                     29,                 1.1351,                 1.4332,                 1.3165,                0.63235,                0.49537,                0.54011,                0.38903,                 1.0378,                 1.1537,                 1.2287,               0.009076,               0.009076,               0.009076
                     30,                 1.1371,                  1.431,                  1.314,                0.62973,                0.50373,                0.54385,                0.39199,                 1.0348,                 1.1473,                 1.2252,               0.009043,               0.009043,               0.009043
                     31,                 1.1316,                 1.4227,                 1.3117,                0.62961,                 0.5093,                 0.5466,                0.39445,                  1.032,                 1.1401,                  1.222,                0.00901,                0.00901,                0.00901
                     32,                 1.1335,                 1.4187,                 1.3106,                0.63398,                0.50931,                 0.5488,                0.39637,                   1.03,                 1.1341,                 1.2191,               0.008977,               0.008977,               0.008977
                     33,                 1.1314,                 1.4156,                 1.3077,                0.63937,                 0.5086,                0.55097,                0.39854,                 1.0283,                 1.1291,                 1.2166,               0.008944,               0.008944,               0.008944
                     34,                 1.1283,                 1.4158,                 1.3067,                0.64764,                0.50698,                0.55313,                 0.4001,                 1.0255,                 1.1233,                 1.2135,               0.008911,               0.008911,               0.008911
                     35,                   1.13,                 1.4099,                 1.3039,                0.64164,                0.51111,                0.55541,                0.40212,                 1.0235,                 1.1187,                 1.2111,               0.008878,               0.008878,               0.008878
                     36,                 1.1278,                 1.4022,                 1.3023,                0.64218,                0.51368,                0.55708,                 0.4039,                 1.0213,                 1.1141,                 1.2087,               0.008845,               0.008845,               0.008845
                     37,                 1.1214,                 1.3994,                 1.2997,                0.64804,                0.51355,                0.55865,                0.40577,                 1.0192,                 1.1101,                 1.2063,               0.008812,               0.008812,               0.008812
                     38,                 1.1239,                 1.3987,                 1.2997,                0.64454,                 0.5156,                0.56029,                0.40687,                 1.0178,                 1.1059,                 1.2044,               0.008779,               0.008779,               0.008779
                     39,                 1.1239,                 1.3906,                 1.2971,                0.64099,                0.51793,                0.56142,                0.40777,                 1.0169,                 1.1032,                 1.2028,               0.008746,               0.008746,               0.008746
                     40,                 1.1257,                 1.3903,                 1.2968,                0.64013,                 0.5179,                0.56276,                0.40895,                 1.0144,                 1.1006,                    1.2,               0.008713,               0.008713,               0.008713
                     41,                 1.1243,                 1.3884,                 1.2948,                0.63929,                0.52019,                0.56364,                0.41016,                 1.0128,                 1.0976,                 1.1981,                0.00868,                0.00868,                0.00868
                     42,                 1.1221,                 1.3902,                 1.2942,                0.65075,                0.51861,                 0.5654,                0.41141,                 1.0117,                 1.0947,                 1.1966,               0.008647,               0.008647,               0.008647
                     43,                  1.118,                 1.3816,                 1.2921,                0.65864,                0.51564,                0.56735,                 0.4131,                   1.01,                 1.0918,                 1.1942,               0.008614,               0.008614,               0.008614
                     44,                 1.1173,                 1.3787,                   1.29,                0.65365,                0.51783,                0.56783,                0.41368,                  1.009,                 1.0889,                 1.1928,               0.008581,               0.008581,               0.008581
                     45,                 1.1163,                  1.374,                 1.2887,                0.65624,                0.51825,                0.56931,                0.41491,                 1.0078,                 1.0868,                  1.191,               0.008548,               0.008548,               0.008548
                     46,                 1.1178,                 1.3747,                 1.2883,                0.65735,                0.51884,                0.57121,                0.41622,                 1.0076,                 1.0831,                   1.19,               0.008515,               0.008515,               0.008515
                     47,                 1.1154,                 1.3718,                 1.2869,                0.65844,                0.51952,                0.57257,                0.41716,                 1.0065,                 1.0798,                 1.1889,               0.008482,               0.008482,               0.008482
                     48,                 1.1111,                 1.3671,                 1.2853,                0.65881,                 0.5214,                0.57397,                0.41882,                 1.0055,                 1.0778,                 1.1874,               0.008449,               0.008449,               0.008449
                     49,                 1.1117,                 1.3676,                 1.2846,                0.66214,                0.52238,                0.57527,                0.42032,                 1.0052,                 1.0758,                 1.1869,               0.008416,               0.008416,               0.008416
                     50,                   1.11,                 1.3641,                 1.2829,                0.66623,                0.52109,                0.57635,                  0.421,                 1.0045,                 1.0743,                 1.1856,               0.008383,               0.008383,               0.008383
                     51,                 1.1099,                 1.3595,                 1.2799,                0.66225,                0.52459,                0.57676,                0.42178,                 1.0035,                 1.0723,                 1.1841,                0.00835,                0.00835,                0.00835
                     52,                 1.1086,                 1.3538,                 1.2791,                0.65886,                0.52751,                0.57787,                0.42229,                 1.0031,                 1.0701,                 1.1831,               0.008317,               0.008317,               0.008317
                     53,                 1.1097,                  1.351,                 1.2784,                0.65789,                0.52734,                0.57862,                0.42264,                 1.0026,                 1.0688,                 1.1825,               0.008284,               0.008284,               0.008284
                     54,                 1.1071,                 1.3563,                 1.2784,                0.66776,                0.52488,                0.57984,                0.42401,                 1.0011,                 1.0664,                 1.1806,               0.008251,               0.008251,               0.008251
                     55,                 1.1043,                 1.3476,                 1.2754,                0.66803,                0.52679,                 0.5804,                0.42416,                0.99956,                 1.0645,                 1.1792,               0.008218,               0.008218,               0.008218
                     56,                 1.1035,                 1.3484,                 1.2752,                0.66807,                0.52741,                0.58125,                0.42496,                0.99929,                 1.0621,                 1.1784,               0.008185,               0.008185,               0.008185
                     57,                 1.1061,                 1.3446,                 1.2753,                0.66619,                 0.5293,                0.58195,                0.42581,                0.99911,                   1.06,                 1.1777,               0.008152,               0.008152,               0.008152
                     58,                 1.0996,                 1.3396,                 1.2722,                0.66448,                0.53146,                0.58203,                0.42629,                0.99808,                 1.0576,                 1.1765,               0.008119,               0.008119,               0.008119
                     59,                 1.1031,                 1.3441,                 1.2743,                0.67538,                0.52537,                0.58301,                0.42754,                0.99802,                 1.0568,                 1.1762,               0.008086,               0.008086,               0.008086
                     60,                 1.1022,                  1.342,                 1.2724,                0.67549,                0.52739,                0.58374,                 0.4279,                0.99705,                 1.0553,                 1.1749,               0.008053,               0.008053,               0.008053
                     61,                 1.1023,                 1.3382,                 1.2707,                0.67616,                0.52703,                0.58497,                0.42872,                0.99673,                 1.0544,                 1.1738,                0.00802,                0.00802,                0.00802
                     62,                 1.0998,                 1.3345,                 1.2695,                0.66402,                0.53406,                0.58518,                0.42883,                0.99626,                  1.053,                 1.1731,               0.007987,               0.007987,               0.007987
                     63,                 1.0978,                 1.3333,                 1.2676,                0.67037,                0.53197,                0.58587,                0.42903,                0.99574,                 1.0514,                 1.1725,               0.007954,               0.007954,               0.007954
                     64,                 1.1005,                  1.332,                 1.2698,                0.67257,                0.53356,                0.58657,                0.43007,                0.99539,                 1.0497,                 1.1716,               0.007921,               0.007921,               0.007921
                     65,                 1.0999,                 1.3317,                 1.2694,                0.67177,                0.53445,                0.58722,                0.43038,                0.99441,                 1.0482,                 1.1707,               0.007888,               0.007888,               0.007888
                     66,                 1.0947,                  1.325,                 1.2637,                0.67474,                0.53484,                0.58782,                0.43104,                0.99366,                 1.0465,                 1.1697,               0.007855,               0.007855,               0.007855
                     67,                 1.0955,                  1.327,                 1.2671,                 0.6739,                0.53372,                0.58852,                0.43144,                 0.9936,                 1.0456,                  1.169,               0.007822,               0.007822,               0.007822
                     68,                  1.094,                 1.3236,                  1.266,                 0.6692,                0.53861,                0.58936,                0.43236,                0.99242,                 1.0438,                 1.1681,               0.007789,               0.007789,               0.007789
                     69,                 1.0965,                 1.3226,                 1.2662,                0.67009,                0.53912,                0.58953,                 0.4329,                0.99156,                 1.0433,                 1.1671,               0.007756,               0.007756,               0.007756
                     70,                 1.0936,                 1.3158,                 1.2617,                0.66838,                0.54013,                 0.5907,                0.43344,                0.99103,                 1.0421,                 1.1666,               0.007723,               0.007723,               0.007723
                     71,                 1.0922,                 1.3164,                 1.2618,                0.66378,                0.54365,                0.59163,                0.43413,                 0.9906,                 1.0406,                 1.1658,                0.00769,                0.00769,                0.00769
                     72,                  1.095,                 1.3175,                 1.2613,                0.66551,                0.54467,                 0.5921,                 0.4347,                 0.9895,                 1.0394,                 1.1644,               0.007657,               0.007657,               0.007657
                     73,                 1.0922,                 1.3138,                 1.2635,                0.66181,                0.54804,                 0.5921,                0.43465,                0.98942,                 1.0384,                 1.1642,               0.007624,               0.007624,               0.007624
                     74,                 1.0956,                 1.3098,                 1.2608,                 0.6666,                0.54415,                0.59209,                 0.4354,                0.98884,                 1.0374,                 1.1634,               0.007591,               0.007591,               0.007591
                     75,                 1.0908,                 1.3103,                 1.2604,                0.66319,                0.54787,                0.59225,                0.43584,                0.98853,                 1.0364,                 1.1627,               0.007558,               0.007558,               0.007558
                     76,                 1.0926,                 1.3054,                 1.2593,                 0.6641,                0.54785,                0.59278,                  0.436,                0.98847,                 1.0351,                 1.1625,               0.007525,               0.007525,               0.007525
                     77,                  1.089,                  1.302,                 1.2587,                0.66454,                0.54773,                0.59354,                0.43651,                0.98787,                  1.035,                 1.1623,               0.007492,               0.007492,               0.007492
                     78,                 1.0922,                 1.3061,                 1.2581,                0.66591,                0.54899,                0.59441,                 0.4368,                  0.988,                 1.0341,                 1.1624,               0.007459,               0.007459,               0.007459
                     79,                 1.0859,                 1.3021,                 1.2574,                0.66544,                0.55024,                0.59512,                0.43744,                0.98734,                 1.0326,                 1.1619,               0.007426,               0.007426,               0.007426
                     80,                 1.0872,                 1.2985,                 1.2552,                0.66356,                 0.5517,                 0.5955,                0.43818,                0.98646,                 1.0317,                 1.1608,               0.007393,               0.007393,               0.007393
                     81,                 1.0861,                 1.3002,                 1.2553,                0.66771,                0.54982,                0.59588,                0.43795,                0.98553,                 1.0305,                 1.1596,                0.00736,                0.00736,                0.00736
                     82,                 1.0884,                 1.2976,                 1.2543,                0.66713,                0.55227,                0.59699,                0.43902,                0.98576,                 1.0295,                 1.1594,               0.007327,               0.007327,               0.007327
                     83,                 1.0862,                 1.2973,                 1.2537,                0.66764,                0.54998,                0.59662,                0.43857,                0.98647,                 1.0287,                 1.1597,               0.007294,               0.007294,               0.007294
                     84,                 1.0878,                 1.2913,                 1.2535,                0.67044,                0.54998,                0.59737,                0.43869,                0.98722,                 1.0273,                 1.1597,               0.007261,               0.007261,               0.007261
                     85,                 1.0837,                 1.2943,                 1.2545,                 0.6707,                0.55065,                0.59792,                0.43901,                0.98732,                 1.0266,                 1.1598,               0.007228,               0.007228,               0.007228
                     86,                 1.0856,                 1.2935,                 1.2512,                0.67297,                0.55267,                0.59872,                 0.4399,                0.98643,                  1.025,                  1.159,               0.007195,               0.007195,               0.007195
                     87,                 1.0857,                 1.2981,                 1.2534,                0.67617,                0.54987,                0.59917,                 0.4404,                0.98612,                  1.024,                 1.1588,               0.007162,               0.007162,               0.007162
                     88,                 1.0818,                 1.2867,                 1.2501,                0.67765,                0.54861,                0.59994,                0.44072,                0.98579,                 1.0236,                 1.1579,               0.007129,               0.007129,               0.007129
                     89,                 1.0829,                 1.2817,                  1.249,                0.67456,                0.55041,                0.60017,                 0.4414,                0.98453,                 1.0227,                 1.1568,               0.007096,               0.007096,               0.007096
                     90,                 1.0802,                 1.2881,                 1.2493,                0.68009,                0.54816,                0.60052,                0.44147,                0.98438,                 1.0214,                 1.1566,               0.007063,               0.007063,               0.007063
                     91,                   1.08,                 1.2848,                 1.2482,                0.68761,                0.54492,                 0.6005,                0.44164,                0.98367,                 1.0207,                 1.1557,                0.00703,                0.00703,                0.00703
                     92,                 1.0809,                 1.2808,                 1.2479,                0.68785,                0.54569,                0.60086,                0.44199,                0.98274,                 1.0203,                 1.1551,               0.006997,               0.006997,               0.006997
                     93,                 1.0767,                 1.2788,                 1.2469,                0.68715,                0.54662,                0.60097,                0.44232,                0.98259,                 1.0201,                 1.1548,               0.006964,               0.006964,               0.006964
                     94,                  1.081,                 1.2779,                 1.2472,                0.69083,                0.54545,                0.60155,                0.44303,                0.98252,                 1.0191,                 1.1544,               0.006931,               0.006931,               0.006931
                     95,                 1.0764,                 1.2785,                 1.2483,                0.68893,                0.54865,                0.60194,                0.44398,                0.98218,                 1.0175,                  1.154,               0.006898,               0.006898,               0.006898
                     96,                 1.0811,                 1.2724,                 1.2462,                0.68805,                0.54826,                0.60261,                0.44436,                0.98212,                 1.0151,                 1.1535,               0.006865,               0.006865,               0.006865
                     97,                 1.0775,                 1.2734,                 1.2449,                0.68612,                 0.5487,                0.60278,                0.44429,                0.98193,                 1.0143,                 1.1531,               0.006832,               0.006832,               0.006832
                     98,                 1.0763,                 1.2679,                 1.2433,                0.68959,                0.54522,                0.60291,                0.44434,                0.98146,                 1.0146,                 1.1526,               0.006799,               0.006799,               0.006799
                     99,                 1.0761,                 1.2733,                 1.2443,                0.68772,                0.54737,                0.60427,                0.44491,                0.98079,                 1.0137,                 1.1518,               0.006766,               0.006766,               0.006766
                    100,                 1.0751,                 1.2682,                  1.243,                0.68506,                0.54938,                 0.6046,                0.44554,                0.98098,                 1.0125,                 1.1516,               0.006733,               0.006733,               0.006733
                    101,                 1.0702,                 1.2679,                 1.2424,                0.67453,                0.55448,                0.60489,                0.44572,                0.98084,                 1.0121,                 1.1513,                 0.0067,                 0.0067,                 0.0067
                    102,                 1.0719,                 1.2664,                 1.2411,                0.67421,                0.55481,                0.60548,                0.44588,                 0.9811,                  1.012,                 1.1514,               0.006667,               0.006667,               0.006667
                    103,                 1.0714,                 1.2663,                 1.2418,                0.66548,                0.56188,                0.60557,                0.44586,                 0.9806,                 1.0114,                 1.1507,               0.006634,               0.006634,               0.006634
                    104,                 1.0727,                 1.2623,                 1.2415,                0.67352,                 0.5567,                0.60603,                0.44632,                0.98022,                 1.0108,                 1.1505,               0.006601,               0.006601,               0.006601
                    105,                 1.0686,                 1.2627,                  1.238,                0.67079,                0.55855,                0.60635,                0.44691,                0.97956,                 1.0091,                 1.1499,               0.006568,               0.006568,               0.006568
                    106,                 1.0714,                 1.2612,                 1.2395,                0.67474,                0.55612,                0.60692,                0.44699,                0.97995,                 1.0077,                   1.15,               0.006535,               0.006535,               0.006535
                    107,                 1.0693,                 1.2553,                 1.2395,                0.66771,                 0.5615,                0.60675,                0.44634,                0.97992,                 1.0075,                   1.15,               0.006502,               0.006502,               0.006502
                    108,                 1.0672,                 1.2541,                 1.2367,                0.67083,                0.56118,                0.60683,                0.44653,                0.97967,                 1.0063,                 1.1496,               0.006469,               0.006469,               0.006469
                    109,                 1.0698,                  1.256,                 1.2384,                0.67443,                0.55863,                0.60684,                0.44695,                0.97894,                 1.0054,                 1.1489,               0.006436,               0.006436,               0.006436
                    110,                 1.0698,                 1.2552,                 1.2373,                0.68143,                0.55698,                0.60796,                  0.448,                0.97888,                 1.0041,                 1.1488,               0.006403,               0.006403,               0.006403
                    111,                 1.0674,                 1.2539,                 1.2373,                0.68716,                0.55366,                 0.6086,                0.44828,                0.97836,                 1.0032,                 1.1484,                0.00637,                0.00637,                0.00637
                    112,                 1.0676,                 1.2517,                 1.2389,                 0.6817,                0.55804,                0.60823,                0.44823,                0.97776,                 1.0027,                 1.1479,               0.006337,               0.006337,               0.006337
                    113,                 1.0679,                 1.2513,                 1.2361,                0.68405,                0.55673,                0.60818,                0.44831,                0.97642,                 1.0021,                 1.1467,               0.006304,               0.006304,               0.006304
                    114,                 1.0694,                 1.2513,                 1.2356,                0.68264,                 0.5581,                0.60924,                0.44934,                0.97572,                 1.0011,                 1.1461,               0.006271,               0.006271,               0.006271
                    115,                 1.0642,                 1.2469,                 1.2333,                0.68206,                0.55761,                0.61068,                0.45005,                0.97562,                 1.0006,                 1.1455,               0.006238,               0.006238,               0.006238
                    116,                 1.0693,                 1.2427,                 1.2342,                0.68842,                0.55595,                0.61046,                0.45006,                0.97507,                0.99953,                 1.1449,               0.006205,               0.006205,               0.006205
                    117,                 1.0648,                 1.2486,                 1.2357,                0.68617,                0.55879,                0.61107,                0.45064,                0.97535,                  0.999,                 1.1448,               0.006172,               0.006172,               0.006172
                    118,                 1.0655,                 1.2414,                 1.2348,                0.68206,                0.55926,                0.61108,                0.45074,                 0.9753,                0.99849,                  1.145,               0.006139,               0.006139,               0.006139
                    119,                 1.0646,                 1.2429,                 1.2334,                0.68584,                 0.5594,                0.61182,                0.45122,                0.97484,                0.99707,                 1.1446,               0.006106,               0.006106,               0.006106
                    120,                 1.0621,                 1.2396,                  1.233,                0.69211,                0.55645,                0.61206,                0.45123,                0.97407,                0.99589,                  1.144,               0.006073,               0.006073,               0.006073
                    121,                 1.0621,                 1.2393,                 1.2324,                0.69348,                0.55568,                0.61156,                0.45171,                0.97338,                0.99526,                 1.1436,                0.00604,                0.00604,                0.00604
                    122,                 1.0612,                 1.2384,                 1.2313,                0.68562,                0.56102,                0.61268,                  0.452,                0.97331,                0.99508,                 1.1434,               0.006007,               0.006007,               0.006007
                    123,                 1.0624,                 1.2374,                 1.2315,                0.67467,                0.56577,                0.61266,                0.45237,                0.97325,                0.99502,                 1.1437,               0.005974,               0.005974,               0.005974
                    124,                 1.0598,                 1.2342,                 1.2329,                0.68949,                0.55871,                0.61308,                0.45259,                0.97294,                0.99475,                 1.1433,               0.005941,               0.005941,               0.005941
                    125,                 1.0613,                 1.2368,                 1.2316,                0.69751,                0.55346,                0.61286,                0.45241,                0.97357,                0.99436,                 1.1433,               0.005908,               0.005908,               0.005908
                    126,                 1.0593,                 1.2352,                 1.2293,                0.69506,                0.55293,                  0.613,                0.45271,                0.97253,                0.99395,                 1.1419,               0.005875,               0.005875,               0.005875
                    127,                 1.0628,                 1.2308,                 1.2281,                0.68406,                0.55965,                0.61352,                0.45314,                0.97265,                0.99322,                 1.1416,               0.005842,               0.005842,               0.005842
                    128,                 1.0605,                 1.2295,                 1.2275,                0.68054,                0.56383,                  0.614,                0.45353,                0.97265,                0.99268,                 1.1412,               0.005809,               0.005809,               0.005809
                    129,                 1.0575,                 1.2259,                 1.2261,                0.68277,                0.56324,                 0.6142,                0.45365,                0.97248,                0.99216,                 1.1406,               0.005776,               0.005776,               0.005776
                    130,                 1.0567,                 1.2288,                 1.2274,                0.67917,                0.56509,                0.61438,                0.45343,                0.97227,                0.99228,                 1.1402,               0.005743,               0.005743,               0.005743
                    131,                 1.0555,                 1.2253,                 1.2267,                0.67113,                0.56965,                0.61528,                0.45434,                0.97226,                0.99214,                   1.14,                0.00571,                0.00571,                0.00571
                    132,                 1.0566,                 1.2234,                 1.2268,                0.69587,                0.55573,                0.61482,                0.45341,                0.97221,                  0.991,                 1.1399,               0.005677,               0.005677,               0.005677
                    133,                 1.0563,                 1.2231,                 1.2254,                0.70192,                0.55205,                0.61567,                0.45421,                0.97151,                0.98972,                 1.1392,               0.005644,               0.005644,               0.005644
                    134,                 1.0516,                 1.2146,                 1.2233,                0.69375,                0.55902,                0.61625,                0.45489,                0.97068,                 0.9887,                 1.1383,               0.005611,               0.005611,               0.005611
                    135,                 1.0534,                 1.2167,                 1.2226,                0.69235,                0.56128,                0.61699,                0.45535,                0.96989,                0.98785,                 1.1378,               0.005578,               0.005578,               0.005578
                    136,                 1.0555,                 1.2224,                 1.2238,                0.69162,                0.56312,                0.61761,                 0.4556,                0.96959,                0.98684,                 1.1374,               0.005545,               0.005545,               0.005545
                    137,                 1.0546,                 1.2187,                  1.223,                0.69427,                0.56324,                0.61792,                 0.4562,                0.96923,                0.98657,                 1.1372,               0.005512,               0.005512,               0.005512
                    138,                 1.0515,                 1.2148,                 1.2231,                 0.6961,                0.56258,                0.61894,                0.45603,                0.96915,                 0.9863,                  1.137,               0.005479,               0.005479,               0.005479
                    139,                 1.0528,                 1.2137,                 1.2216,                0.68969,                0.56588,                0.61891,                0.45561,                0.96858,                0.98588,                 1.1367,               0.005446,               0.005446,               0.005446
                    140,                 1.0488,                 1.2124,                 1.2197,                 0.6941,                0.56237,                0.61748,                0.45531,                0.96756,                 0.9853,                 1.1357,               0.005413,               0.005413,               0.005413
                    141,                 1.0523,                 1.2133,                 1.2215,                0.70018,                 0.5574,                0.61869,                0.45631,                0.96756,                0.98499,                 1.1352,                0.00538,                0.00538,                0.00538
                    142,                 1.0491,                 1.2073,                 1.2207,                0.69687,                 0.5598,                0.61908,                0.45639,                0.96766,                0.98466,                 1.1351,               0.005347,               0.005347,               0.005347
                    143,                  1.051,                 1.2104,                 1.2188,                 0.6966,                0.56032,                0.61978,                0.45672,                0.96756,                0.98344,                 1.1345,               0.005314,               0.005314,               0.005314
                    144,                 1.0479,                 1.2062,                 1.2186,                 0.6932,                0.56118,                0.62002,                0.45743,                0.96778,                0.98264,                 1.1343,               0.005281,               0.005281,               0.005281
                    145,                 1.0476,                 1.2035,                 1.2176,                0.67746,                0.56854,                0.62053,                0.45758,                0.96773,                0.98234,                 1.1342,               0.005248,               0.005248,               0.005248
                    146,                 1.0458,                 1.2026,                  1.217,                0.68934,                0.56286,                0.62076,                0.45808,                0.96774,                 0.9813,                 1.1343,               0.005215,               0.005215,               0.005215
                    147,                 1.0455,                 1.1995,                 1.2168,                0.68691,                0.56557,                0.62119,                 0.4588,                0.96747,                0.98175,                 1.1341,               0.005182,               0.005182,               0.005182
                    148,                 1.0479,                 1.2035,                 1.2175,                 0.6906,                0.56647,                0.62139,                0.45869,                0.96767,                0.98089,                 1.1342,               0.005149,               0.005149,               0.005149
                    149,                 1.0489,                  1.202,                 1.2191,                0.69045,                0.56681,                0.62143,                0.45892,                0.96761,                0.98046,                  1.134,               0.005116,               0.005116,               0.005116
                    150,                 1.0468,                 1.1992,                 1.2155,                0.69193,                0.56484,                0.62142,                0.45844,                0.96718,                0.98031,                 1.1335,               0.005083,               0.005083,               0.005083
                    151,                 1.0427,                 1.1947,                 1.2149,                0.68968,                0.56462,                0.62162,                0.45871,                0.96704,                0.98008,                 1.1332,                0.00505,                0.00505,                0.00505
                    152,                 1.0465,                 1.1971,                 1.2172,                0.68746,                 0.5642,                0.62152,                0.45894,                0.96627,                0.97864,                 1.1328,               0.005017,               0.005017,               0.005017
                    153,                 1.0448,                  1.194,                 1.2136,                 0.6839,                0.56703,                0.62119,                0.45894,                0.96589,                0.97774,                 1.1324,               0.004984,               0.004984,               0.004984
                    154,                 1.0438,                  1.196,                 1.2159,                 0.6925,                0.56187,                0.62067,                0.45907,                0.96457,                0.97677,                 1.1311,               0.004951,               0.004951,               0.004951
                    155,                 1.0419,                 1.1911,                 1.2131,                0.69236,                0.56308,                0.62128,                0.45937,                0.96457,                0.97643,                 1.1306,               0.004918,               0.004918,               0.004918
                    156,                 1.0407,                 1.1909,                 1.2117,                0.68364,                0.56844,                0.62079,                0.45957,                0.96448,                0.97645,                 1.1304,               0.004885,               0.004885,               0.004885
                    157,                 1.0398,                 1.1876,                 1.2121,                0.67543,                0.57402,                0.62101,                0.45913,                0.96411,                0.97547,                 1.1296,               0.004852,               0.004852,               0.004852
                    158,                 1.0407,                 1.1863,                 1.2126,                0.68605,                0.56816,                0.62216,                0.45991,                0.96257,                0.97444,                 1.1285,               0.004819,               0.004819,               0.004819
                    159,                  1.041,                 1.1829,                  1.211,                0.68081,                0.57209,                0.62291,                0.46055,                0.96233,                0.97354,                 1.1282,               0.004786,               0.004786,               0.004786
                    160,                 1.0378,                 1.1829,                 1.2102,                0.68403,                0.57144,                0.62278,                0.46004,                0.96264,                0.97417,                 1.1284,               0.004753,               0.004753,               0.004753
                    161,                 1.0373,                 1.1833,                   1.21,                0.68629,                0.57232,                0.62359,                0.46062,                0.96255,                0.97339,                 1.1283,                0.00472,                0.00472,                0.00472
                    162,                 1.0391,                  1.182,                 1.2094,                0.68854,                0.57193,                0.62326,                0.46087,                0.96248,                0.97284,                  1.128,               0.004687,               0.004687,               0.004687
                    163,                  1.036,                  1.178,                 1.2093,                0.67707,                 0.5794,                0.62387,                0.46056,                0.96199,                0.97245,                 1.1277,               0.004654,               0.004654,               0.004654
                    164,                 1.0368,                 1.1738,                 1.2084,                0.68573,                0.57338,                0.62416,                0.46059,                 0.9623,                0.97169,                 1.1279,               0.004621,               0.004621,               0.004621
                    165,                 1.0334,                  1.177,                 1.2073,                0.68405,                0.57376,                0.62368,                 0.4602,                0.96228,                0.97187,                 1.1277,               0.004588,               0.004588,               0.004588
                    166,                  1.036,                 1.1737,                 1.2077,                0.68744,                0.57348,                0.62441,                0.46074,                0.96188,                0.97094,                  1.127,               0.004555,               0.004555,               0.004555
                    167,                 1.0356,                 1.1712,                 1.2073,                0.68028,                0.57809,                0.62521,                 0.4611,                0.96185,                0.97134,                 1.1266,               0.004522,               0.004522,               0.004522
                    168,                 1.0301,                 1.1679,                 1.2066,                0.67787,                0.58193,                0.62627,                0.46184,                 0.9616,                0.97087,                 1.1266,               0.004489,               0.004489,               0.004489
                    169,                 1.0352,                 1.1702,                  1.208,                0.68884,                0.57588,                0.62664,                0.46194,                0.96167,                0.97016,                 1.1268,               0.004456,               0.004456,               0.004456
                    170,                 1.0314,                  1.168,                 1.2058,                0.69051,                0.57423,                0.62686,                0.46246,                 0.9613,                0.96947,                 1.1265,               0.004423,               0.004423,               0.004423
                    171,                 1.0325,                 1.1684,                 1.2051,                0.68661,                0.57634,                0.62702,                0.46285,                0.96086,                0.96945,                 1.1255,                0.00439,                0.00439,                0.00439
                    172,                 1.0322,                 1.1632,                 1.2035,                0.69016,                0.57382,                 0.6267,                0.46265,                0.96094,                0.96909,                 1.1253,               0.004357,               0.004357,               0.004357
                    173,                 1.0306,                 1.1617,                 1.2041,                 0.6807,                0.57978,                0.62732,                0.46255,                0.96037,                0.96946,                 1.1247,               0.004324,               0.004324,               0.004324
                    174,                 1.0278,                  1.158,                 1.2023,                  0.677,                0.58229,                0.62794,                0.46344,                 0.9603,                 0.9677,                 1.1248,               0.004291,               0.004291,               0.004291
                    175,                 1.0306,                  1.162,                 1.2029,                0.67383,                0.58643,                0.62818,                0.46323,                 0.9595,                 0.9672,                  1.124,               0.004258,               0.004258,               0.004258
                    176,                   1.03,                 1.1576,                 1.2021,                0.67837,                0.58156,                0.62827,                0.46394,                0.95937,                0.96681,                 1.1238,               0.004225,               0.004225,               0.004225
                    177,                 1.0296,                 1.1561,                 1.2014,                0.68665,                0.57783,                0.62833,                0.46436,                0.95839,                0.96649,                 1.1231,               0.004192,               0.004192,               0.004192
                    178,                 1.0271,                  1.156,                 1.2018,                 0.6807,                0.58173,                0.62884,                0.46404,                0.95895,                0.96673,                  1.123,               0.004159,               0.004159,               0.004159
                    179,                 1.0263,                 1.1535,                 1.1991,                0.68572,                0.57817,                0.62908,                0.46442,                0.95864,                0.96555,                 1.1228,               0.004126,               0.004126,               0.004126
                    180,                 1.0275,                 1.1523,                  1.201,                0.68871,                0.57546,                0.62897,                 0.4648,                0.95892,                0.96545,                 1.1226,               0.004093,               0.004093,               0.004093
                    181,                 1.0275,                 1.1494,                 1.1993,                0.69109,                0.57542,                0.62976,                0.46583,                0.95863,                0.96542,                 1.1226,                0.00406,                0.00406,                0.00406
                    182,                 1.0253,                 1.1499,                 1.1989,                0.69701,                0.57135,                0.63044,                0.46624,                0.95816,                0.96369,                 1.1223,               0.004027,               0.004027,               0.004027
                    183,                 1.0264,                  1.153,                 1.2001,                0.68925,                0.57619,                 0.6303,                0.46708,                0.95824,                0.96198,                 1.1226,               0.003994,               0.003994,               0.003994
                    184,                  1.025,                 1.1436,                  1.198,                0.68442,                0.58132,                0.63074,                0.46733,                0.95757,                0.96205,                 1.1215,               0.003961,               0.003961,               0.003961
                    185,                  1.025,                 1.1455,                 1.1974,                0.68826,                0.57701,                0.63099,                0.46765,                0.95695,                0.96178,                 1.1208,               0.003928,               0.003928,               0.003928
                    186,                 1.0246,                 1.1439,                 1.1974,                0.68721,                0.58204,                0.63182,                0.46834,                0.95612,                0.96033,                 1.1204,               0.003895,               0.003895,               0.003895
                    187,                 1.0205,                 1.1438,                 1.1962,                0.69165,                0.58346,                 0.6325,                0.46821,                0.95585,                0.95999,                 1.1204,               0.003862,               0.003862,               0.003862
                    188,                 1.0237,                  1.142,                 1.1967,                0.69318,                0.58115,                 0.6323,                0.46819,                0.95547,                0.95964,                 1.1203,               0.003829,               0.003829,               0.003829
                    189,                 1.0203,                 1.1372,                 1.1946,                0.70764,                0.57227,                0.63289,                 0.4685,                0.95529,                0.95872,                 1.1202,               0.003796,               0.003796,               0.003796
                    190,                 1.0199,                 1.1369,                 1.1945,                0.69825,                 0.5775,                0.63328,                0.46885,                0.95537,                0.95793,                 1.1202,               0.003763,               0.003763,               0.003763
                    191,                  1.017,                 1.1325,                 1.1946,                0.70076,                0.57534,                0.63297,                0.46835,                0.95491,                0.95794,                 1.1204,                0.00373,                0.00373,                0.00373
                    192,                 1.0177,                 1.1363,                 1.1942,                0.70478,                0.57401,                0.63288,                 0.4688,                0.95432,                 0.9572,                 1.1202,               0.003697,               0.003697,               0.003697
                    193,                 1.0149,                 1.1307,                 1.1946,                0.71036,                0.57112,                0.63341,                0.46906,                0.95465,                0.95748,                 1.1203,               0.003664,               0.003664,               0.003664
                    194,                 1.0162,                 1.1278,                 1.1922,                0.69933,                0.57679,                0.63327,                0.46887,                0.95474,                0.95701,                 1.1207,               0.003631,               0.003631,               0.003631
                    195,                 1.0185,                 1.1312,                 1.1938,                0.69717,                0.57778,                0.63323,                0.46887,                0.95425,                0.95742,                 1.1201,               0.003598,               0.003598,               0.003598
                    196,                 1.0141,                 1.1281,                 1.1898,                0.68214,                0.58534,                0.63378,                0.46934,                0.95366,                 0.9569,                 1.1192,               0.003565,               0.003565,               0.003565
                    197,                 1.0141,                 1.1264,                 1.1905,                0.68449,                0.58341,                0.63401,                0.46913,                0.95399,                0.95616,                 1.1194,               0.003532,               0.003532,               0.003532
                    198,                 1.0164,                 1.1239,                 1.1905,                0.67721,                0.58663,                0.63482,                0.47008,                0.95315,                0.95526,                 1.1185,               0.003499,               0.003499,               0.003499
                    199,                 1.0132,                 1.1231,                 1.1906,                0.68703,                0.58123,                0.63488,                0.47027,                 0.9535,                0.95391,                 1.1187,               0.003466,               0.003466,               0.003466
                    200,                 1.0131,                 1.1202,                 1.1913,                0.67837,                0.58621,                0.63532,                0.47117,                0.95211,                0.95302,                 1.1179,               0.003433,               0.003433,               0.003433
                    201,                 1.0089,                 1.1164,                 1.1895,                0.68944,                0.58297,                 0.6355,                0.47132,                 0.9516,                0.95256,                 1.1173,                 0.0034,                 0.0034,                 0.0034
                    202,                  1.012,                 1.1159,                 1.1888,                0.69998,                0.57782,                0.63587,                0.47114,                0.95128,                0.95139,                  1.117,               0.003367,               0.003367,               0.003367
                    203,                 1.0115,                 1.1177,                 1.1886,                0.69857,                0.57976,                0.63626,                0.47148,                0.95088,                0.95012,                 1.1166,               0.003334,               0.003334,               0.003334
                    204,                 1.0034,                 1.1072,                 1.1838,                0.69582,                 0.5815,                0.63709,                0.47153,                0.95066,                0.94929,                 1.1166,               0.003301,               0.003301,               0.003301
                    205,                 1.0094,                  1.111,                 1.1866,                0.69582,                0.58116,                0.63718,                0.47216,                0.95081,                0.94845,                 1.1172,               0.003268,               0.003268,               0.003268
                    206,                 1.0075,                 1.1082,                 1.1858,                0.69896,                0.58001,                0.63788,                0.47281,                0.95097,                0.94782,                 1.1174,               0.003235,               0.003235,               0.003235
                    207,                 1.0092,                  1.106,                 1.1858,                0.68991,                0.58571,                0.63822,                0.47287,                0.95078,                0.94755,                 1.1176,               0.003202,               0.003202,               0.003202
                    208,                 1.0051,                 1.1076,                 1.1837,                0.69637,                0.58235,                0.63791,                0.47243,                0.95078,                0.94675,                 1.1172,               0.003169,               0.003169,               0.003169
                    209,                 1.0066,                 1.1053,                 1.1841,                0.69162,                0.58635,                 0.6379,                0.47335,                0.95082,                0.94628,                 1.1167,               0.003136,               0.003136,               0.003136
                    210,                  1.001,                 1.0995,                 1.1813,                0.69121,                0.58461,                0.63764,                0.47325,                0.95086,                0.94591,                 1.1167,               0.003103,               0.003103,               0.003103
                    211,                 1.0021,                 1.0973,                 1.1815,                0.69864,                0.58437,                0.63815,                0.47356,                0.95041,                0.94583,                 1.1166,                0.00307,                0.00307,                0.00307
                    212,                 1.0041,                 1.0985,                 1.1817,                0.69736,                0.58389,                0.63859,                0.47372,                0.95067,                0.94548,                 1.1167,               0.003037,               0.003037,               0.003037
                    213,                 1.0014,                 1.0945,                 1.1824,                0.70198,                0.58394,                0.63943,                0.47343,                0.95054,                0.94444,                 1.1168,               0.003004,               0.003004,               0.003004
                    214,                 1.0002,                 1.0908,                 1.1812,                0.69652,                0.58596,                0.63912,                0.47362,                0.95063,                0.94311,                 1.1171,               0.002971,               0.002971,               0.002971
                    215,                0.99943,                 1.0969,                 1.1809,                0.69244,                0.58561,                0.63962,                0.47401,                 0.9498,                0.94291,                  1.116,               0.002938,               0.002938,               0.002938
                    216,                0.99795,                 1.0868,                 1.1776,                0.68442,                0.59165,                0.63895,                0.47409,                0.94973,                0.94277,                 1.1156,               0.002905,               0.002905,               0.002905
                    217,                 0.9972,                 1.0871,                 1.1787,                0.68904,                0.58955,                0.63897,                0.47458,                 0.9494,                 0.9425,                 1.1151,               0.002872,               0.002872,               0.002872
                    218,                0.99712,                 1.0863,                 1.1784,                0.68323,                0.59174,                 0.6388,                0.47456,                0.94931,                0.94166,                 1.1148,               0.002839,               0.002839,               0.002839
                    219,                0.99858,                 1.0864,                 1.1795,                0.68176,                0.59309,                 0.6394,                0.47535,                0.94903,                0.94093,                 1.1145,               0.002806,               0.002806,               0.002806
                    220,                0.99537,                 1.0837,                 1.1762,                0.68968,                0.58975,                0.63902,                0.47553,                0.94902,                0.94068,                 1.1142,               0.002773,               0.002773,               0.002773
                    221,                 0.9924,                 1.0778,                 1.1735,                0.68672,                0.59307,                0.63928,                0.47628,                0.94856,                 0.9399,                 1.1134,                0.00274,                0.00274,                0.00274
                    222,                  0.995,                 1.0779,                  1.176,                0.68908,                0.59365,                0.63991,                0.47595,                0.94888,                0.94011,                  1.114,               0.002707,               0.002707,               0.002707
                    223,                0.99552,                 1.0771,                 1.1736,                0.69415,                0.59025,                0.64022,                0.47602,                0.94866,                0.94033,                 1.1131,               0.002674,               0.002674,               0.002674
                    224,                0.99159,                 1.0735,                 1.1747,                0.69404,                0.58898,                0.64055,                0.47613,                 0.9488,                0.94003,                 1.1129,               0.002641,               0.002641,               0.002641
                    225,                0.99029,                 1.0725,                  1.173,                0.68697,                0.58985,                0.64059,                0.47645,                0.94942,                 0.9396,                 1.1134,               0.002608,               0.002608,               0.002608
                    226,                0.98925,                 1.0681,                 1.1726,                0.69034,                0.59278,                0.64098,                0.47644,                0.94987,                0.93976,                 1.1136,               0.002575,               0.002575,               0.002575
                    227,                0.99272,                 1.0653,                 1.1737,                0.69766,                0.58716,                0.64043,                0.47627,                0.95024,                0.94019,                 1.1145,               0.002542,               0.002542,               0.002542
                    228,                0.98835,                 1.0643,                 1.1699,                0.70351,                0.58231,                 0.6407,                0.47647,                0.94968,                0.94007,                 1.1139,               0.002509,               0.002509,               0.002509
                    229,                0.98616,                 1.0638,                 1.1701,                0.70035,                0.58277,                0.64058,                0.47641,                0.94972,                0.93879,                 1.1135,               0.002476,               0.002476,               0.002476
                    230,                0.98799,                 1.0574,                 1.1694,                0.70846,                0.58061,                0.64164,                0.47687,                0.94949,                0.93781,                  1.113,               0.002443,               0.002443,               0.002443
                    231,                0.98661,                 1.0567,                 1.1671,                0.71029,                0.58077,                  0.641,                0.47672,                0.94877,                0.93739,                 1.1119,                0.00241,                0.00241,                0.00241
                    232,                0.98538,                 1.0578,                 1.1674,                0.70784,                  0.584,                0.64158,                0.47674,                0.94892,                0.93761,                 1.1113,               0.002377,               0.002377,               0.002377
                    233,                0.98468,                 1.0526,                 1.1661,                0.69928,                0.58873,                0.64154,                0.47663,                0.94887,                0.93747,                 1.1109,               0.002344,               0.002344,               0.002344
                    234,                0.98264,                 1.0525,                 1.1671,                 0.7024,                0.58403,                0.64232,                0.47767,                0.94925,                0.93793,                 1.1112,               0.002311,               0.002311,               0.002311
                    235,                0.98081,                  1.049,                 1.1668,                0.70649,                0.58333,                0.64266,                0.47783,                0.94915,                0.93703,                 1.1108,               0.002278,               0.002278,               0.002278
                    236,                0.98269,                 1.0503,                 1.1645,                0.69753,                0.58649,                0.64289,                0.47783,                0.94953,                0.93608,                 1.1108,               0.002245,               0.002245,               0.002245
                    237,                0.97976,                 1.0471,                  1.165,                0.70073,                0.58856,                0.64335,                0.47808,                0.94934,                0.93574,                 1.1107,               0.002212,               0.002212,               0.002212
                    238,                0.97772,                 1.0408,                 1.1639,                0.70925,                0.58478,                0.64433,                0.47851,                0.94862,                0.93463,                 1.1104,               0.002179,               0.002179,               0.002179
                    239,                0.97597,                 1.0375,                 1.1621,                0.70207,                 0.5879,                0.64485,                0.47937,                0.94824,                0.93377,                 1.1105,               0.002146,               0.002146,               0.002146
                    240,                0.97848,                 1.0363,                 1.1637,                0.69916,                0.59206,                0.64538,                0.47957,                0.94733,                0.93384,                 1.1098,               0.002113,               0.002113,               0.002113
                    241,                0.97808,                 1.0358,                 1.1625,                0.69629,                0.59392,                 0.6451,                0.47927,                0.94688,                0.93342,                 1.1092,                0.00208,                0.00208,                0.00208
                    242,                0.97521,                 1.0313,                 1.1612,                0.69738,                 0.5946,                0.64576,                 0.4792,                  0.947,                0.93305,                 1.1093,               0.002047,               0.002047,               0.002047
                    243,                0.97262,                 1.0324,                 1.1591,                0.69816,                 0.5941,                0.64661,                0.47949,                0.94713,                0.93283,                 1.1094,               0.002014,               0.002014,               0.002014
                    244,                0.97173,                 1.0294,                 1.1605,                0.69987,                0.59361,                0.64648,                0.48005,                0.94622,                 0.9324,                 1.1086,               0.001981,               0.001981,               0.001981
                    245,                0.96932,                 1.0231,                 1.1579,                0.69155,                0.59873,                0.64712,                0.48051,                0.94575,                0.93078,                 1.1081,               0.001948,               0.001948,               0.001948
                    246,                0.96991,                 1.0227,                 1.1573,                0.69441,                 0.5984,                0.64709,                0.48074,                0.94498,                0.93001,                 1.1077,               0.001915,               0.001915,               0.001915
                    247,                0.96889,                 1.0212,                 1.1585,                0.69947,                0.59481,                0.64701,                0.48095,                0.94487,                0.93005,                 1.1078,               0.001882,               0.001882,               0.001882
                    248,                0.96821,                 1.0157,                 1.1562,                0.70545,                0.59255,                0.64701,                0.48138,                 0.9445,                0.92869,                 1.1076,               0.001849,               0.001849,               0.001849
                    249,                 0.9676,                  1.013,                  1.154,                0.70544,                 0.5916,                0.64764,                 0.4813,                0.94414,                0.92756,                 1.1072,               0.001816,               0.001816,               0.001816
                    250,                0.96584,                 1.0131,                  1.154,                0.69895,                0.59773,                0.64775,                0.48179,                0.94498,                0.92688,                 1.1077,               0.001783,               0.001783,               0.001783
                    251,                0.96438,                 1.0083,                 1.1518,                0.69475,                0.59934,                 0.6481,                0.48208,                0.94498,                0.92667,                 1.1075,                0.00175,                0.00175,                0.00175
                    252,                0.96293,                 1.0036,                 1.1537,                 0.7022,                0.59297,                0.64871,                0.48258,                0.94436,                0.92657,                  1.107,               0.001717,               0.001717,               0.001717
                    253,                0.96116,                 1.0021,                 1.1518,                0.69494,                0.60037,                 0.6494,                0.48276,                 0.9445,                0.92674,                 1.1073,               0.001684,               0.001684,               0.001684
                    254,                0.96409,                 1.0039,                  1.152,                0.69015,                0.60452,                0.64903,                0.48233,                0.94517,                0.92645,                 1.1079,               0.001651,               0.001651,               0.001651
                    255,                0.95964,                0.99917,                 1.1491,                0.69161,                0.60293,                0.64857,                0.48214,                0.94566,                0.92584,                 1.1076,               0.001618,               0.001618,               0.001618
                    256,                 0.9606,                  0.996,                 1.1489,                0.69699,                0.59926,                0.64837,                0.48213,                0.94571,                0.92605,                 1.1072,               0.001585,               0.001585,               0.001585
                    257,                0.95582,                0.99005,                 1.1461,                0.70761,                0.59488,                0.64838,                0.48273,                0.94598,                0.92545,                 1.1068,               0.001552,               0.001552,               0.001552
                    258,                0.95563,                0.98909,                 1.1477,                 0.7063,                0.59549,                  0.649,                0.48249,                0.94578,                0.92461,                 1.1068,               0.001519,               0.001519,               0.001519
                    259,                0.95215,                0.98503,                 1.1458,                0.70998,                0.59387,                0.64905,                0.48208,                  0.946,                0.92389,                 1.1071,               0.001486,               0.001486,               0.001486
                    260,                0.95263,                0.98127,                 1.1441,                0.71806,                0.59073,                 0.6492,                0.48249,                0.94574,                0.92264,                 1.1067,               0.001453,               0.001453,               0.001453
                    261,                0.95201,                0.98042,                 1.1448,                0.69536,                0.60088,                0.64913,                0.48267,                 0.9454,                0.92204,                 1.1064,                0.00142,                0.00142,                0.00142
                    262,                0.94892,                0.97594,                 1.1431,                 0.6997,                0.59725,                0.64911,                0.48285,                0.94479,                0.92166,                  1.106,               0.001387,               0.001387,               0.001387
                    263,                0.94896,                0.97239,                 1.1428,                0.71204,                 0.5943,                  0.649,                0.48316,                0.94505,                0.92109,                 1.1059,               0.001354,               0.001354,               0.001354
                    264,                0.94816,                0.96807,                 1.1412,                0.70912,                0.59257,                0.64799,                0.48245,                0.94476,                0.92139,                 1.1056,               0.001321,               0.001321,               0.001321
                    265,                0.94618,                0.96773,                 1.1411,                0.70745,                0.59187,                0.64853,                0.48274,                0.94396,                 0.9216,                 1.1055,               0.001288,               0.001288,               0.001288
                    266,                0.94365,                0.96307,                 1.1379,                 0.7104,                 0.5911,                0.64941,                0.48303,                0.94343,                0.92149,                  1.105,               0.001255,               0.001255,               0.001255
                    267,                0.94499,                0.95985,                 1.1384,                0.71263,                0.58984,                0.64958,                0.48305,                0.94388,                 0.9209,                 1.1052,               0.001222,               0.001222,               0.001222
                    268,                0.93972,                0.95468,                 1.1364,                0.71249,                0.58861,                0.64976,                0.48279,                0.94342,                0.92106,                 1.1053,               0.001189,               0.001189,               0.001189
                    269,                0.93829,                0.94885,                 1.1347,                0.70526,                0.59459,                 0.6501,                0.48318,                0.94359,                 0.9207,                 1.1051,               0.001156,               0.001156,               0.001156
                    270,                0.93568,                0.94663,                 1.1341,                0.71032,                0.59049,                0.64998,                0.48296,                0.94405,                0.92078,                 1.1056,               0.001123,               0.001123,               0.001123
                    271,                0.93619,                0.94477,                 1.1341,                0.70447,                0.59415,                0.64976,                0.48285,                0.94398,                0.92089,                 1.1053,                0.00109,                0.00109,                0.00109
                    272,                0.93501,                0.94271,                 1.1347,                0.70423,                  0.594,                0.64962,                0.48269,                0.94412,                0.92053,                 1.1056,               0.001057,               0.001057,               0.001057
                    273,                0.93318,                0.94175,                 1.1326,                 0.7076,                0.59276,                 0.6498,                0.48268,                0.94456,                 0.9197,                 1.1054,               0.001024,               0.001024,               0.001024
                    274,                0.93029,                0.93141,                 1.1295,                0.70418,                0.59655,                0.64962,                0.48258,                0.94484,                0.91985,                 1.1055,               0.000991,               0.000991,               0.000991
                    275,                0.93046,                0.93005,                 1.1284,                0.71027,                0.59458,                0.64969,                0.48252,                0.94458,                0.91953,                  1.105,               0.000958,               0.000958,               0.000958
                    276,                0.92725,                0.92224,                 1.1261,                0.71359,                0.59276,                0.64991,                0.48298,                0.94474,                0.91908,                  1.105,               0.000925,               0.000925,               0.000925
                    277,                0.92726,                0.92152,                 1.1261,                0.71619,                0.58968,                0.64981,                0.48278,                0.94485,                0.91902,                 1.1049,               0.000892,               0.000892,               0.000892
                    278,                0.92367,                0.91346,                 1.1239,                 0.7087,                0.59185,                0.64943,                0.48292,                0.94479,                0.91939,                 1.1047,               0.000859,               0.000859,               0.000859
                    279,                  0.922,                0.91627,                 1.1239,                0.70045,                0.59824,                0.64867,                0.48206,                0.94493,                 0.9193,                 1.1046,               0.000826,               0.000826,               0.000826
